timestamp_unix,pitch,yaw,ear,fps,state
1764963065.8466725,175.6,5.84,0.212,0,Distracted
1764963065.9093091,176.16,3.99,0.209,0,Distracted
1764963065.9297628,176.16,3.99,0.209,0,Distracted
1764963065.994205,176.28,2.55,0.191,0,Distracted
1764963066.0053391,176.28,2.55,0.191,25,Distracted
1764963066.06995,175.93,1.59,0.193,25,Distracted
1764963066.082582,175.93,1.59,0.193,25,Distracted
1764963066.15037,175.62,1.13,0.22,25,Distracted
1764963066.167104,175.62,1.13,0.22,25,Distracted
1764963066.2438884,175.34,1.35,0.236,40,Distracted
1764963066.2557194,175.34,1.35,0.236,40,Distracted
1764963066.3243184,175.0,1.9,0.235,40,Distracted
1764963066.34767,175.0,1.9,0.235,40,Distracted
1764963066.4136705,174.75,2.14,0.227,40,Distracted
1764963066.4284132,174.75,2.14,0.227,38,Distracted
1764963066.5492947,175.12,1.44,0.233,38,Distracted
1764963066.5783572,175.12,1.44,0.233,38,Distracted
1764963066.6603012,175.92,0.86,0.23,38,Distracted
1764963066.6746933,175.92,0.86,0.23,38,Distracted
1764963066.7932065,176.6,-0.07,0.245,33,Distracted
1764963066.8050306,176.6,-0.07,0.245,33,Distracted
1764963066.88368,177.37,-0.5,0.255,33,Distracted
1764963066.8985014,177.37,-0.5,0.255,33,Distracted
1764963067.0021982,177.87,-1.12,0.253,33,Distracted
1764963067.0231414,177.87,-1.12,0.253,31,Distracted
1764963067.117992,178.37,-1.88,0.253,31,Distracted
1764963067.1335416,178.37,-1.88,0.253,31,Distracted
1764963067.2284086,179.28,-3.31,0.249,31,Distracted
1764963067.2679338,179.28,-3.31,0.249,31,Distracted
1764963067.3449883,179.85,-4.74,0.244,28,Distracted
1764963067.3743377,179.85,-4.74,0.244,28,Distracted
1764963067.4922097,179.68,-5.28,0.243,28,Distracted
1764963067.5074997,179.68,-5.28,0.243,28,Distracted
1764963067.630775,0.51,-5.31,0.249,28,Focused
1764963067.645264,0.51,-5.31,0.249,27,Focused
1764963067.7434068,-97.18,-4.18,0.266,27,Distracted
1764963067.7619133,-97.18,-4.18,0.266,27,Distracted
1764963067.8490753,-150.27,-4.96,0.264,27,Distracted
1764963067.8721762,-150.27,-4.96,0.264,27,Distracted
1764963067.967721,-177.86,-5.09,0.263,26,Distracted
1764963067.9805982,-177.86,-5.09,0.263,26,Distracted
1764963068.0666509,-14.91,-5.57,0.171,26,Drowsy / Eyes Closed
1764963068.0902195,-14.91,-5.57,0.171,26,Drowsy / Eyes Closed
1764963068.210883,-102.02,-5.38,0.172,26,Distracted
1764963068.2234821,-102.02,-5.38,0.172,25,Distracted
1764963068.3354,30.1,-6.38,0.206,25,Distracted
1764963068.3487244,30.1,-6.38,0.206,25,Distracted
1764963068.43224,-75.68,-6.12,0.221,25,Distracted
1764963068.4516656,-75.68,-6.12,0.221,25,Distracted
1764963068.5548131,-133.46,-5.98,0.227,26,Distracted
1764963068.578998,-133.46,-5.98,0.227,26,Distracted
1764963068.6637561,-164.24,-6.77,0.239,26,Distracted
1764963068.6772141,-164.24,-6.77,0.239,26,Distracted
1764963068.7545147,-180.11,-7.07,0.251,26,Distracted
1764963068.773633,-180.11,-7.07,0.251,26,Distracted
1764963068.8589244,-187.36,-7.29,0.252,26,Distracted
1764963068.87634,-187.36,-7.29,0.252,26,Distracted
1764963068.9839983,-190.73,-7.45,0.251,26,Distracted
1764963069.0036676,-190.73,-7.45,0.251,26,Distracted
1764963069.1164477,-191.64,-6.34,0.237,27,Distracted
1764963069.1341915,-191.64,-6.34,0.237,27,Distracted
1764963069.2164025,-192.04,-5.65,0.237,27,Distracted
1764963069.2294257,-192.04,-5.65,0.237,27,Distracted
1764963069.3011909,-191.61,-5.57,0.231,27,Distracted
1764963069.313149,-191.61,-5.57,0.231,28,Distracted
1764963069.416899,-190.53,-5.37,0.231,28,Distracted
1764963069.4471178,-190.53,-5.37,0.231,28,Distracted
1764963069.5508974,-189.26,-5.01,0.239,28,Distracted
1764963069.5623405,-189.26,-5.01,0.239,28,Distracted
1764963069.6529555,-187.68,-4.48,0.236,29,Distracted
1764963069.6659539,-187.68,-4.48,0.236,29,Distracted
1764963069.7467752,-186.69,-3.22,0.229,29,Distracted
1764963069.7626646,-186.69,-3.22,0.229,29,Distracted
1764963069.8474002,-185.04,-2.34,0.229,29,Distracted
1764963069.8658993,-185.04,-2.34,0.229,29,Distracted
1764963069.9628642,-184.44,-2.87,0.231,29,Distracted
1764963069.976852,-184.44,-2.87,0.231,29,Distracted
1764963070.0747318,-183.4,-3.23,0.235,29,Distracted
1764963070.0907102,-183.4,-3.23,0.235,29,Distracted
1764963070.174847,-182.96,-3.86,0.231,30,Distracted
1764963070.1861696,-182.96,-3.86,0.231,30,Distracted
1764963070.2616808,-182.62,-3.94,0.231,30,Distracted
1764963070.271046,-182.62,-3.94,0.231,30,Distracted
1764963070.3502367,-182.12,-4.33,0.233,30,Distracted
1764963070.3622453,-182.12,-4.33,0.233,31,Distracted
1764963070.4527225,-181.85,-5.13,0.239,31,Distracted
1764963070.4699368,-181.85,-5.13,0.239,31,Distracted
1764963070.5905979,-181.36,-5.47,0.237,31,Distracted
1764963070.6062987,-181.36,-5.47,0.237,31,Distracted
1764963070.7112668,-181.01,-4.47,0.248,31,Distracted
1764963070.7341182,-181.01,-4.47,0.248,31,Distracted
1764963070.809983,-180.28,-3.35,0.248,31,Distracted
1764963070.8229637,-180.28,-3.35,0.248,31,Distracted
1764963070.9153554,-180.85,-2.38,0.25,31,Distracted
1764963070.9273043,-180.85,-2.38,0.25,31,Distracted
1764963071.0030386,-180.05,-1.09,0.255,31,Distracted
1764963071.0129392,-180.05,-1.09,0.255,31,Distracted
1764963071.0957649,-179.91,-0.21,0.256,31,Distracted
1764963071.109765,-179.91,-0.21,0.256,31,Distracted
1764963071.1968307,-180.34,0.19,0.243,33,Distracted
1764963071.2098916,-180.34,0.19,0.243,33,Distracted
1764963071.2878973,-1.33,-0.55,0.25,33,Focused
1764963071.2996743,-1.33,-0.55,0.25,33,Focused
1764963071.3693461,-82.33,-0.95,0.255,33,Distracted
1764963071.3824098,-82.33,-0.95,0.255,33,Distracted
1764963071.4659827,51.02,0.88,0.251,33,Distracted
1764963071.4805202,51.02,0.88,0.251,33,Distracted
1764963071.5935252,123.64,0.0,0.247,33,Distracted
1764963071.6105304,123.64,0.0,0.247,33,Distracted
1764963071.6930776,162.15,0.01,0.245,33,Distracted
1764963071.7043068,162.15,0.01,0.245,33,Distracted
1764963071.7950423,182.86,-1.29,0.24,33,Distracted
1764963071.8186383,182.86,-1.29,0.24,33,Distracted
1764963071.917411,192.69,-2.09,0.235,33,Distracted
1764963071.9319394,192.69,-2.09,0.235,33,Distracted
1764963072.005352,197.15,-2.51,0.231,33,Distracted
1764963072.0203273,197.15,-2.51,0.231,33,Distracted
1764963072.091893,197.38,-2.2,0.222,33,Distracted
1764963072.1065516,197.38,-2.2,0.222,33,Distracted
1764963072.1799808,196.36,-1.72,0.233,35,Distracted
1764963072.190745,196.36,-1.72,0.233,35,Distracted
1764963072.291019,193.74,-0.34,0.229,35,Distracted
1764963072.3075678,193.74,-0.34,0.229,35,Distracted
1764963072.391893,190.73,0.96,0.221,35,Distracted
1764963072.4080367,190.73,0.96,0.221,35,Distracted
1764963072.4970496,188.6,1.15,0.192,35,Distracted
1764963072.5210314,188.6,1.15,0.192,35,Distracted
1764963072.6284685,188.3,0.96,0.177,35,Distracted
1764963072.649135,188.3,0.96,0.177,35,Distracted
1764963072.7370672,186.9,0.96,0.18,36,Distracted
1764963072.7470505,186.9,0.96,0.18,36,Distracted
1764963072.83232,185.09,0.37,0.195,36,Distracted
1764963072.843027,185.09,0.37,0.195,36,Distracted
1764963072.9371674,182.57,0.34,0.191,36,Distracted
1764963072.963075,182.57,0.34,0.191,37,Distracted
1764963073.0699186,181.24,0.28,0.194,37,Distracted
1764963073.0822365,181.24,0.28,0.194,37,Distracted
1764963073.156952,180.31,-0.01,0.195,37,Distracted
1764963073.1719978,180.31,-0.01,0.195,37,Distracted
1764963073.2627003,179.49,0.04,0.202,38,Distracted
1764963073.2746139,179.49,0.04,0.202,38,Distracted
1764963073.357017,179.92,0.29,0.209,38,Distracted
1764963073.3734217,179.92,0.29,0.209,38,Distracted
1764963073.4798505,179.53,0.23,0.206,38,Distracted
1764963073.4907994,179.53,0.23,0.206,39,Distracted
1764963073.5785353,179.75,0.52,0.206,39,Distracted
1764963073.5890462,179.75,0.52,0.206,39,Distracted
1764963073.6701427,179.18,0.51,0.211,39,Distracted
1764963073.6818125,179.18,0.51,0.211,39,Distracted
1764963073.7525756,178.85,0.24,0.21,40,Distracted
1764963073.7685096,178.85,0.24,0.21,40,Distracted
1764963073.854246,177.79,-0.14,0.213,40,Distracted
1764963073.8676896,177.79,-0.14,0.213,40,Distracted
1764963073.943162,176.74,-0.52,0.242,40,Distracted
1764963073.953161,176.74,-0.52,0.242,41,Distracted
1764963074.0243974,176.41,-0.95,0.25,41,Distracted
1764963074.046408,176.41,-0.95,0.25,41,Distracted
1764963074.1288435,175.84,-1.37,0.25,41,Distracted
1764963074.1400044,175.84,-1.37,0.25,41,Distracted
1764963074.2109027,175.39,-2.05,0.253,41,Distracted
1764963074.2210152,175.39,-2.05,0.253,41,Distracted
1764963074.2934806,175.39,-2.2,0.242,41,Distracted
1764963074.3050017,175.39,-2.2,0.242,41,Distracted
1764963074.4036953,176.72,-3.45,0.249,41,Distracted
1764963074.4186616,176.72,-3.45,0.249,42,Distracted
1764963074.494029,176.95,-6.05,0.259,42,Distracted
1764963074.5125005,176.95,-6.05,0.259,42,Distracted
1764963074.5886803,177.92,-4.86,0.235,42,Distracted
1764963074.6003783,177.92,-4.86,0.235,42,Distracted
1764963074.6780565,1.44,-2.96,0.146,42,Drowsy / Eyes Closed
1764963074.6943724,1.44,-2.96,0.146,42,Drowsy / Eyes Closed
1764963074.7841208,-95.3,-0.95,0.177,42,Distracted
1764963074.8040094,-95.3,-0.95,0.177,42,Distracted
1764963074.878971,-144.89,-0.02,0.177,42,Distracted
1764963074.8926153,-144.89,-0.02,0.177,42,Distracted
1764963074.9846654,-171.88,-0.31,0.223,42,Distracted
1764963074.9946597,-171.88,-0.31,0.223,42,Distracted
1764963075.0823205,-185.74,-0.09,0.246,42,Distracted
1764963075.096485,-185.74,-0.09,0.246,42,Distracted
1764963075.179232,-192.37,0.63,0.26,42,Distracted
1764963075.1923382,-192.37,0.63,0.26,42,Distracted
1764963075.2694538,-195.62,-0.01,0.282,42,Distracted
1764963075.2874634,-195.62,-0.01,0.282,42,Distracted
1764963075.3592386,-196.89,1.07,0.232,42,Distracted
1764963075.370931,-196.89,1.07,0.232,41,Distracted
1764963075.4404638,-197.21,-0.3,0.191,41,Distracted
1764963075.450778,-197.21,-0.3,0.191,41,Distracted
1764963075.520479,-196.39,-3.57,0.234,41,Distracted
1764963075.5314114,-196.39,-3.57,0.234,41,Distracted
1764963075.6195092,-193.67,-5.07,0.232,42,Distracted
1764963075.6343472,-193.67,-5.07,0.232,42,Distracted
1764963075.7107992,-15.42,-10.17,0.236,42,Focused
1764963075.7245224,-15.42,-10.17,0.236,42,Focused
1764963075.7980843,-94.9,-6.52,0.242,42,Distracted
1764963075.812843,-94.9,-6.52,0.242,43,Distracted
1764963075.8836524,-137.04,-1.24,0.284,43,Distracted
1764963075.8934367,-137.04,-1.24,0.284,43,Distracted
1764963075.9637227,16.82,0.0,0.282,43,Focused
1764963075.9739969,16.82,0.0,0.282,43,Focused
1764963076.0505257,102.35,-0.74,0.266,43,Distracted
1764963076.0627708,102.35,-0.74,0.266,43,Distracted
1764963076.1324506,146.68,1.33,0.272,43,Distracted
1764963076.1461287,146.68,1.33,0.272,43,Distracted
1764963076.219376,-5.81,3.03,0.273,43,Focused
1764963076.2440507,-5.81,3.03,0.273,43,Focused
1764963076.3287737,-90.27,3.4,0.259,43,Distracted
1764963076.3432696,-90.27,3.4,0.259,43,Distracted
1764963076.4174821,-137.49,2.41,0.238,43,Distracted
1764963076.428431,-137.49,2.41,0.238,43,Distracted
1764963076.5832899,-162.63,2.54,0.253,42,Distracted
1764963076.6583846,-162.63,2.54,0.253,42,Distracted
1764963076.8716042,-177.05,-0.02,0.243,42,Distracted
1764963076.9057672,-177.05,-0.02,0.243,42,Distracted
1764963077.021905,-184.18,-1.26,0.245,42,Distracted
1764963077.0536377,-184.18,-1.26,0.245,41,Distracted
1764963077.1590843,-186.99,-3.1,0.258,41,Distracted
1764963077.1794116,-186.99,-3.1,0.258,41,Distracted
1764963077.367197,-188.12,-3.86,0.246,41,Distracted
1764963077.4508822,-188.12,-3.86,0.246,41,Distracted
1764963077.7710907,-188.04,-5.22,0.24,39,Distracted
1764963077.8526886,-188.04,-5.22,0.24,39,Distracted
1764963078.180853,-9.6,-6.21,0.239,39,Focused
1764963078.3785853,-9.6,-6.21,0.239,39,Focused
1764963078.8460872,-89.22,-4.87,0.245,39,Distracted
1764963078.9500368,-89.22,-4.87,0.245,38,Distracted
1764963079.1513827,-129.86,-4.0,0.221,38,Distracted
1764963079.1684396,-129.86,-4.0,0.221,38,Distracted
1764963079.3954823,-153.16,-3.86,0.164,38,Distracted
1764963079.5801272,-153.16,-3.86,0.164,38,Distracted
1764963079.7724855,-165.85,-3.94,0.158,36,Distracted
1764963079.8356895,-165.85,-3.94,0.158,36,Distracted
1764963080.0375283,-172.39,-4.53,0.147,36,Distracted
1764963080.0478933,-172.39,-4.53,0.147,36,Distracted
1764963080.1089027,-176.16,-5.78,0.13,36,Distracted
1764963080.1209168,-176.16,-5.78,0.13,35,Distracted
1764963080.2337122,-177.95,-7.35,0.091,35,Distracted
1764963080.264501,-177.95,-7.35,0.091,35,Distracted
1764963080.4493318,-1.75,-8.16,0.135,35,Drowsy / Eyes Closed
1764963080.4718733,-1.75,-8.16,0.135,35,Drowsy / Eyes Closed
1764963080.7467444,94.45,-10.2,0.175,34,Distracted
1764963080.905437,94.45,-10.2,0.175,34,Distracted
1764963081.163633,94.45,-10.2,0.175,34,Distracted
1764963081.2413065,94.45,-10.2,0.175,34,Distracted
1764963081.4078467,146.64,-3.34,0.147,34,Distracted
1764963081.4963915,146.64,-3.34,0.147,32,Distracted
1764963081.688278,146.64,-3.34,0.147,32,Distracted
1764963081.9042923,146.64,-3.34,0.147,32,Distracted
1764963082.0872793,174.83,1.32,0.171,32,Distracted
1764963082.1784713,174.83,1.32,0.171,32,Distracted
1764963082.461231,174.83,1.32,0.171,30,Distracted
1764963082.5060892,174.83,1.32,0.171,30,Distracted
1764963082.787727,188.33,-1.31,0.194,30,Distracted
1764963083.008947,188.33,-1.31,0.194,30,Distracted
1764963083.3645961,195.11,-1.81,0.203,30,Distracted
1764963083.4077387,195.11,-1.81,0.203,28,Distracted
1764963083.7206054,20.09,-3.11,0.218,28,Distracted
1764963083.8054183,20.09,-3.11,0.218,28,Distracted
1764963084.0219176,-76.35,-3.99,0.218,28,Distracted
1764963084.0622818,-76.35,-3.99,0.218,28,Distracted
1764963084.2849152,-131.0,-4.02,0.222,26,Distracted
1764963084.4696057,-131.0,-4.02,0.222,26,Distracted
1764963084.8231115,-161.37,-3.73,0.205,26,Distracted
1764963084.8337116,-161.37,-3.73,0.205,26,Distracted
1764963084.9504719,-176.58,-3.89,0.198,26,Distracted
1764963085.0420883,-176.58,-3.89,0.198,24,Distracted
1764963085.26158,-183.68,-4.58,0.19,24,Distracted
1764963085.441155,-183.68,-4.58,0.19,24,Distracted
1764963085.6260388,-187.45,-5.63,0.236,24,Distracted
1764963085.6991751,-187.45,-5.63,0.236,24,Distracted
1764963085.9088979,-189.61,-4.42,0.244,22,Distracted
1764963085.9629552,-189.61,-4.42,0.244,22,Distracted
1764963086.3232563,-190.42,-2.83,0.241,22,Distracted
1764963086.504358,-190.42,-2.83,0.241,22,Distracted
1764963086.6514065,-10.52,-2.18,0.241,22,Focused
1764963086.7012613,-10.52,-2.18,0.241,21,Focused
1764963087.0493412,88.82,-3.0,0.242,21,Distracted
1764963087.1738594,88.82,-3.0,0.242,21,Distracted
1764963087.3509507,135.14,-18.09,0.204,21,Distracted
1764963087.562512,135.14,-18.09,0.204,21,Distracted
1764963087.7600834,166.16,-13.46,0.191,19,Distracted
1764963087.8184905,166.16,-13.46,0.191,19,Distracted
1764963087.9185374,182.24,-9.74,0.191,19,Distracted
1764963087.960649,182.24,-9.74,0.191,19,Distracted
1764963088.0600939,189.96,-8.2,0.148,19,Distracted
1764963088.0907762,189.96,-8.2,0.148,18,Distracted
1764963088.2071702,192.9,-3.18,0.133,18,Distracted
1764963088.2182715,192.9,-3.18,0.133,18,Distracted
1764963088.323865,188.95,0.07,0.13,18,Distracted
1764963088.3939111,188.95,0.07,0.13,18,Distracted
1764963088.5470452,189.79,2.74,0.137,16,Distracted
1764963088.591468,189.79,2.74,0.137,16,Distracted
1764963088.7112238,191.35,3.92,0.153,16,Distracted
1764963088.7233238,191.35,3.92,0.153,16,Distracted
1764963088.8482323,191.28,4.35,0.156,16,Distracted
1764963088.8659883,191.28,4.35,0.156,15,Distracted
1764963088.9286363,190.87,4.13,0.164,15,Distracted
1764963088.9466453,190.87,4.13,0.164,15,Distracted
1764963089.0028868,189.71,4.59,0.165,15,Distracted
1764963089.0187583,189.71,4.59,0.165,15,Distracted
1764963089.1075869,188.1,4.43,0.169,14,Distracted
1764963089.1287482,188.1,4.43,0.169,14,Distracted
1764963089.2297735,186.39,4.61,0.175,14,Distracted
1764963089.2499647,186.39,4.61,0.175,14,Distracted
1764963089.3161013,185.01,4.76,0.176,14,Distracted
1764963089.3305645,185.01,4.76,0.176,13,Distracted
1764963089.4032035,184.17,5.15,0.178,13,Distracted
1764963089.419389,184.17,5.15,0.178,13,Distracted
1764963089.5307708,183.79,6.02,0.152,13,Distracted
1764963089.5490184,183.79,6.02,0.152,13,Distracted
1764963089.6579278,183.07,6.39,0.161,12,Distracted
1764963089.6695092,183.07,6.39,0.161,12,Distracted
1764963089.7249026,181.95,7.27,0.159,12,Distracted
1764963089.73626,181.95,7.27,0.159,12,Distracted
1764963089.7994275,180.77,7.96,0.175,12,Distracted
1764963089.8149028,180.77,7.96,0.175,13,Distracted
1764963089.875084,180.51,8.18,0.181,13,Distracted
1764963089.888327,180.51,8.18,0.181,13,Distracted
1764963089.9827955,179.27,8.22,0.167,13,Distracted
1764963089.9966834,179.27,8.22,0.167,13,Distracted
1764963090.0864124,179.44,8.19,0.18,14,Distracted
1764963090.096618,179.44,8.19,0.18,14,Distracted
1764963090.166514,178.25,8.53,0.191,14,Distracted
1764963090.185643,178.25,8.53,0.191,14,Distracted
1764963090.240551,177.6,8.11,0.183,14,Distracted
1764963090.25482,177.6,8.11,0.183,15,Distracted
1764963090.3186333,176.93,8.19,0.173,15,Distracted
1764963090.330247,176.93,8.19,0.173,15,Distracted
1764963090.390228,176.81,8.18,0.172,15,Distracted
1764963090.4051602,176.81,8.18,0.172,15,Distracted
1764963090.470775,175.91,8.0,0.175,18,Distracted
1764963090.4826314,175.91,8.0,0.175,18,Distracted
1764963090.532236,175.43,8.51,0.179,18,Distracted
1764963090.5426054,175.43,8.51,0.179,18,Distracted
1764963090.5942657,176.31,8.64,0.199,18,Distracted
1764963090.6167102,176.31,8.64,0.199,19,Distracted
1764963090.6981683,177.41,7.92,0.21,19,Distracted
1764963090.7127967,177.41,7.92,0.21,19,Distracted
1764963090.7732766,178.1,7.91,0.207,19,Distracted
1764963090.7845194,178.1,7.91,0.207,19,Distracted
1764963090.829907,178.42,7.88,0.208,21,Distracted
1764963090.8409178,178.42,7.88,0.208,21,Distracted
1764963090.8869417,178.57,7.99,0.215,21,Distracted
1764963090.89654,178.57,7.99,0.215,21,Distracted
1764963090.9734993,178.24,8.67,0.217,21,Distracted
1764963090.9952636,178.24,8.67,0.217,23,Distracted
1764963091.044886,178.02,8.97,0.219,23,Distracted
1764963091.0607493,178.02,8.97,0.219,23,Distracted
1764963091.116949,177.72,8.77,0.221,23,Distracted
1764963091.1309855,177.72,8.77,0.221,23,Distracted
1764963091.1847763,177.6,8.9,0.225,25,Distracted
1764963091.1958737,177.6,8.9,0.225,25,Distracted
1764963091.2468798,177.64,9.25,0.218,25,Distracted
1764963091.2610006,177.64,9.25,0.218,25,Distracted
1764963091.3509457,177.31,9.35,0.213,25,Distracted
1764963091.370672,177.31,9.35,0.213,27,Distracted
1764963091.4409833,177.09,9.32,0.212,27,Distracted
1764963091.4578397,177.09,9.32,0.212,27,Distracted
1764963091.5154173,177.14,9.27,0.212,27,Distracted
1764963091.526738,177.14,9.27,0.212,27,Distracted
1764963091.5774522,177.11,9.39,0.21,29,Distracted
1764963091.5906436,177.11,9.39,0.21,29,Distracted
1764963091.6587842,176.9,9.34,0.211,29,Distracted
1764963091.6731725,176.9,9.34,0.211,29,Distracted
1764963091.725046,176.45,9.02,0.207,29,Distracted
1764963091.7380695,176.45,9.02,0.207,31,Distracted
1764963091.7965605,176.04,8.87,0.209,31,Distracted
1764963091.8705766,176.04,8.87,0.209,31,Distracted
1764963091.9335268,175.85,9.15,0.215,31,Distracted
1764963091.9484856,175.85,9.15,0.215,31,Distracted
1764963092.0051768,175.78,9.35,0.217,33,Distracted
1764963092.0267704,175.78,9.35,0.217,33,Distracted
1764963092.0877843,175.8,9.28,0.218,33,Distracted
1764963092.0983536,175.8,9.28,0.218,33,Distracted
1764963092.145071,175.71,8.73,0.21,33,Distracted
1764963092.1583767,175.71,8.73,0.21,34,Distracted
1764963092.2194474,175.88,6.68,0.212,34,Distracted
1764963092.2314065,175.88,6.68,0.212,34,Distracted
1764963092.2808566,177.74,4.98,0.188,34,Distracted
1764963092.2927604,177.74,4.98,0.188,34,Distracted
1764963092.3410902,178.45,3.11,0.178,37,Distracted
1764963092.358332,178.45,3.11,0.178,37,Distracted
1764963092.424852,179.17,2.28,0.171,37,Distracted
1764963092.4380815,179.17,2.28,0.171,37,Distracted
1764963092.4835162,178.99,0.99,0.139,37,Distracted
1764963092.4928691,178.99,0.99,0.139,38,Distracted
1764963092.5398412,178.39,-1.5,0.136,38,Distracted
1764963092.5488172,178.39,-1.5,0.136,38,Distracted
1764963092.62049,177.54,-2.36,0.169,38,Distracted
1764963092.6335022,177.54,-2.36,0.169,38,Distracted
1764963092.7064846,177.6,-3.13,0.168,41,Distracted
1764963092.7356908,177.6,-3.13,0.168,41,Distracted
1764963092.7972636,178.43,-2.47,0.172,41,Distracted
1764963092.8083909,178.43,-2.47,0.172,41,Distracted
1764963092.8522894,179.05,-2.01,0.18,41,Distracted
1764963092.8630638,179.05,-2.01,0.18,42,Distracted
1764963092.9081793,179.06,-2.0,0.178,42,Distracted
1764963092.91716,179.06,-2.0,0.178,42,Distracted
1764963092.9620502,179.13,-1.28,0.177,42,Distracted
1764963092.970702,179.13,-1.28,0.177,42,Distracted
1764963093.0183258,178.97,-1.2,0.174,44,Distracted
1764963093.0297484,178.97,-1.2,0.174,44,Distracted
1764963093.090572,179.22,-1.52,0.18,44,Distracted
1764963093.1033819,179.22,-1.52,0.18,44,Distracted
1764963093.1809232,179.41,-2.19,0.167,44,Distracted
1764963093.2018,179.41,-2.19,0.167,45,Distracted
1764963093.2631278,178.49,-3.6,0.19,45,Distracted
1764963093.2753959,178.49,-3.6,0.19,45,Distracted
1764963093.3283236,177.89,-4.01,0.193,45,Distracted
1764963093.3388364,177.89,-4.01,0.193,45,Distracted
1764963093.6185849,178.24,-4.35,0.198,45,Distracted
1764963093.68167,178.24,-4.35,0.198,45,Distracted
1764963094.0369039,178.5,-4.16,0.196,45,Distracted
1764963094.0747547,178.5,-4.16,0.196,45,Distracted
1764963094.203105,178.38,-3.66,0.203,45,Distracted
1764963094.2199693,178.38,-3.66,0.203,44,Distracted
1764963094.3234875,178.96,-3.23,0.207,44,Distracted
1764963094.3449237,178.96,-3.23,0.207,44,Distracted
1764963094.496935,178.33,-3.25,0.239,44,Distracted
1764963094.5079334,178.33,-3.25,0.239,44,Distracted
1764963094.6023467,178.37,-3.62,0.246,43,Distracted
1764963094.6135192,178.37,-3.62,0.246,43,Distracted
1764963094.725926,178.48,-3.7,0.244,43,Distracted
1764963094.745817,178.48,-3.7,0.244,43,Distracted
1764963094.8799193,178.56,-3.42,0.238,43,Distracted
1764963094.9064963,178.56,-3.42,0.238,43,Distracted
1764963095.0793734,178.61,-3.46,0.241,43,Distracted
1764963095.1004443,178.61,-3.46,0.241,43,Distracted
1764963095.1825478,178.93,-3.32,0.231,43,Distracted
1764963095.2556162,178.93,-3.32,0.231,43,Distracted
1764963095.436117,178.94,-3.2,0.234,41,Distracted
1764963095.6583161,178.94,-3.2,0.234,41,Distracted
1764963095.8286893,178.04,-3.84,0.248,41,Distracted
1764963095.8980734,178.04,-3.84,0.248,41,Distracted
1764963096.1234305,177.88,-4.1,0.25,41,Distracted
1764963096.179855,177.88,-4.1,0.25,39,Distracted
1764963096.3625467,178.23,-2.89,0.241,39,Distracted
1764963096.4412816,178.23,-2.89,0.241,39,Distracted
1764963096.6497912,178.4,-2.39,0.238,39,Distracted
1764963096.7122762,178.4,-2.39,0.238,39,Distracted
1764963096.9235456,178.5,-1.9,0.239,37,Distracted
1764963096.9727454,178.5,-1.9,0.239,37,Distracted
1764963097.3337588,176.74,-2.15,0.246,37,Distracted
1764963097.5144594,176.74,-2.15,0.246,37,Distracted
1764963097.8467853,174.94,-3.44,0.201,37,Distracted
1764963098.0401285,174.94,-3.44,0.201,35,Distracted
1764963098.2587242,175.93,-2.65,0.218,35,Distracted
1764963098.3016624,175.93,-2.65,0.218,35,Distracted
1764963098.679354,176.0,-1.47,0.216,35,Distracted
1764963098.6980908,176.0,-1.47,0.216,35,Distracted
1764963098.9318967,175.34,-1.74,0.197,33,Distracted
1764963098.9766784,175.34,-1.74,0.197,33,Distracted
1764963099.1941233,174.58,-2.4,0.19,33,Distracted
1764963099.209875,174.58,-2.4,0.19,33,Distracted
1764963099.2825863,173.89,-3.28,0.19,33,Distracted
1764963099.2949061,173.89,-3.28,0.19,31,Distracted
1764963099.4831064,171.78,-1.69,0.225,31,Distracted
1764963099.5299335,171.78,-1.69,0.225,31,Distracted
1764963099.6599722,170.68,-1.38,0.233,31,Distracted
1764963099.6779447,170.68,-1.38,0.233,31,Distracted
1764963099.7912223,170.05,-1.21,0.24,29,Distracted
1764963099.802895,170.05,-1.21,0.24,29,Distracted
1764963099.9592552,169.65,-0.71,0.242,29,Distracted
1764963100.1044116,169.65,-0.71,0.242,29,Distracted
1764963100.3311372,169.04,-0.83,0.237,29,Distracted
1764963100.3697908,169.04,-0.83,0.237,28,Distracted
1764963100.7012782,169.51,-0.6,0.235,28,Distracted
1764963100.7170193,169.51,-0.6,0.235,28,Distracted
1764963100.8873496,169.65,-0.67,0.239,28,Distracted
1764963100.9586046,169.65,-0.67,0.239,28,Distracted
1764963101.1009915,170.66,-0.28,0.239,26,Distracted
1764963101.114077,170.66,-0.28,0.239,26,Distracted
1764963101.2198012,171.08,-0.24,0.238,26,Distracted
1764963101.23141,171.08,-0.24,0.238,26,Distracted
1764963101.5001082,171.87,-0.91,0.239,26,Distracted
1764963101.562152,171.87,-0.91,0.239,24,Distracted
1764963101.804306,171.36,-1.05,0.247,24,Distracted
1764963101.8364718,171.36,-1.05,0.247,24,Distracted
1764963102.0898747,170.32,-0.77,0.241,24,Distracted
1764963102.1535656,170.32,-0.77,0.241,24,Distracted
1764963102.3388922,170.17,-1.09,0.24,22,Distracted
1764963102.425796,170.17,-1.09,0.24,22,Distracted
1764963102.6322505,169.55,-1.82,0.232,22,Distracted
1764963102.646998,169.55,-1.82,0.232,22,Distracted
1764963102.74175,169.32,-2.64,0.235,22,Distracted
1764963102.7608645,169.32,-2.64,0.235,21,Distracted
1764963102.8882887,169.4,-3.31,0.239,21,Distracted
1764963102.9022253,169.4,-3.31,0.239,21,Distracted
1764963103.0229304,169.76,-3.42,0.236,21,Distracted
1764963103.0389173,169.76,-3.42,0.236,21,Distracted
1764963103.1453836,169.81,-3.68,0.23,18,Distracted
1764963103.1571732,169.81,-3.68,0.23,18,Distracted
1764963103.2274132,169.82,-3.99,0.227,18,Distracted
1764963103.238921,169.82,-3.99,0.227,18,Distracted
1764963103.3191833,169.8,-4.21,0.225,18,Distracted
1764963103.3386042,169.8,-4.21,0.225,19,Distracted
1764963103.4132795,169.94,-3.91,0.229,19,Distracted
1764963103.426219,169.94,-3.91,0.229,19,Distracted
1764963103.50538,169.92,-3.74,0.231,19,Distracted
1764963103.5188813,169.92,-3.74,0.231,19,Distracted
1764963103.5929265,169.93,-3.63,0.232,18,Distracted
1764963103.6121104,169.93,-3.63,0.232,18,Distracted
1764963103.715875,169.94,-3.68,0.23,18,Distracted
1764963103.7287717,169.94,-3.68,0.23,18,Distracted
1764963103.8138618,169.81,-3.78,0.23,18,Distracted
1764963103.8270452,169.81,-3.78,0.23,16,Distracted
1764963103.902989,170.34,-3.66,0.228,16,Distracted
1764963103.9139812,170.34,-3.66,0.228,16,Distracted
1764963103.9668317,170.81,-3.48,0.228,16,Distracted
1764963103.9779313,170.81,-3.48,0.228,16,Distracted
1764963104.1344614,171.02,-4.12,0.238,17,Distracted
1764963104.1617682,171.02,-4.12,0.238,17,Distracted
1764963104.2182612,171.35,-4.83,0.239,17,Distracted
1764963104.228506,171.35,-4.83,0.239,17,Distracted
1764963104.3067398,171.47,-5.2,0.239,17,Distracted
1764963104.3157542,171.47,-5.2,0.239,19,Distracted
1764963104.3854456,171.46,-5.45,0.24,19,Distracted
1764963104.3942943,171.46,-5.45,0.24,19,Distracted
1764963104.442567,171.53,-5.72,0.24,19,Distracted
1764963104.4611812,171.53,-5.72,0.24,19,Distracted
1764963104.5229068,171.63,-5.73,0.24,21,Distracted
1764963104.5334654,171.63,-5.73,0.24,21,Distracted
1764963104.588383,171.53,-5.62,0.239,21,Distracted
1764963104.6166315,171.53,-5.62,0.239,21,Distracted
1764963104.7728925,170.07,-5.24,0.236,21,Distracted
1764963104.7926662,170.07,-5.24,0.236,21,Distracted
1764963105.009465,169.18,-5.24,0.237,21,Distracted
1764963105.0307908,169.18,-5.24,0.237,21,Distracted
1764963105.2074146,169.51,-5.71,0.232,21,Distracted
1764963105.2417378,169.51,-5.71,0.232,21,Distracted
1764963105.4511583,170.13,-5.51,0.238,20,Distracted
1764963105.5236037,170.13,-5.51,0.238,20,Distracted
1764963105.711079,169.32,-7.21,0.24,20,Distracted
1764963105.7898004,169.32,-7.21,0.24,20,Distracted
1764963106.0041652,168.46,-7.07,0.238,20,Distracted
1764963106.0164342,168.46,-7.07,0.238,21,Distracted
1764963106.122624,169.83,-5.96,0.238,21,Distracted
1764963106.2912273,169.83,-5.96,0.238,21,Distracted
1764963106.611818,169.26,0.66,0.239,21,Distracted
1764963106.8136861,169.26,0.66,0.239,21,Distracted
1764963107.028203,173.95,-1.95,0.254,21,Distracted
1764963107.0880992,173.95,-1.95,0.254,21,Distracted
1764963107.2340994,175.57,0.41,0.25,21,Distracted
1764963107.245349,175.57,0.41,0.25,21,Distracted
1764963107.3359785,177.04,0.3,0.217,21,Distracted
1764963107.3480453,177.04,0.3,0.217,21,Distracted
1764963107.4804647,177.68,-1.2,0.22,21,Distracted
1764963107.4916003,177.68,-1.2,0.22,21,Distracted
1764963107.7017639,177.4,-1.62,0.234,21,Distracted
1764963107.7241063,177.4,-1.62,0.234,21,Distracted
1764963107.8913977,175.0,-1.37,0.213,22,Distracted
1764963107.905018,175.0,-1.37,0.213,22,Distracted
1764963108.0058446,174.94,-2.35,0.23,22,Distracted
1764963108.016844,174.94,-2.35,0.23,22,Distracted
1764963108.1930258,173.97,-1.09,0.246,22,Distracted
1764963108.2036824,173.97,-1.09,0.246,21,Distracted
1764963108.2852767,173.04,-0.09,0.234,21,Distracted
1764963108.3137455,173.04,-0.09,0.234,21,Distracted
1764963108.537341,172.49,-0.0,0.236,21,Distracted
1764963108.5722373,172.49,-0.0,0.236,21,Distracted
1764963108.7757266,173.22,-0.57,0.242,22,Distracted
1764963108.7877786,173.22,-0.57,0.242,22,Distracted
1764963108.8715353,173.22,-0.92,0.242,22,Distracted
1764963108.887038,173.22,-0.92,0.242,22,Distracted
1764963108.9712963,173.36,-1.04,0.243,22,Distracted
1764963108.9828131,173.36,-1.04,0.243,23,Distracted
1764963109.0536397,173.51,-1.33,0.232,23,Distracted
1764963109.0836709,173.51,-1.33,0.232,23,Distracted
1764963109.410476,173.29,-1.09,0.206,23,Distracted
1764963109.613808,173.29,-1.09,0.206,23,Distracted
1764963109.8650985,172.97,-1.96,0.179,24,Distracted
1764963110.0744588,172.97,-1.96,0.179,24,Distracted
1764963110.243025,173.99,-0.85,0.161,24,Distracted
1764963110.2581608,173.99,-0.85,0.161,24,Distracted
1764963110.5868816,174.59,-0.21,0.151,24,Distracted
1764963110.603086,174.59,-0.21,0.151,24,Distracted
1764963110.8022816,174.67,-1.74,0.151,24,Distracted
1764963110.8447363,174.67,-1.74,0.151,24,Distracted
1764963111.048576,173.97,-3.79,0.172,24,Distracted
1764963111.0977778,173.97,-3.79,0.172,24,Distracted
1764963111.2877066,174.54,-5.47,0.171,24,Distracted
1764963111.3080468,174.54,-5.47,0.171,24,Distracted
1764963111.4236488,175.88,-4.97,0.194,24,Distracted
1764963111.4746468,175.88,-4.97,0.194,24,Distracted
1764963111.6243482,177.18,-4.3,0.179,24,Distracted
1764963111.6434145,177.18,-4.3,0.179,24,Distracted
1764963111.7649202,178.31,-4.54,0.184,24,Distracted
1764963111.778879,178.31,-4.54,0.184,24,Distracted
1764963111.8898108,178.1,-5.98,0.195,24,Distracted
1764963111.9038062,178.1,-5.98,0.195,24,Distracted
1764963111.9613955,178.66,-4.66,0.246,24,Distracted
1764963111.9795132,178.66,-4.66,0.246,24,Distracted
1764963112.0411255,178.05,-5.05,0.244,24,Distracted
1764963112.0540237,178.05,-5.05,0.244,24,Distracted
1764963112.1814098,177.63,-4.23,0.251,24,Distracted
1764963112.2012155,177.63,-4.23,0.251,23,Distracted
1764963112.2766593,177.79,-4.1,0.259,23,Distracted
1764963112.296451,177.79,-4.1,0.259,23,Distracted
1764963112.3785436,177.71,-4.89,0.254,23,Distracted
1764963112.3913078,177.71,-4.89,0.254,23,Distracted
1764963112.4670732,177.84,-4.03,0.254,23,Distracted
1764963112.481301,177.84,-4.03,0.254,23,Distracted
1764963112.553809,178.35,-3.73,0.249,23,Distracted
1764963112.5658464,178.35,-3.73,0.249,23,Distracted
1764963112.611812,178.62,-3.2,0.251,23,Distracted
1764963112.6259913,178.62,-3.2,0.251,24,Distracted
1764963112.6775873,178.92,-3.27,0.248,24,Distracted
1764963112.691847,178.92,-3.27,0.248,24,Distracted
1764963112.7687776,179.34,-3.37,0.243,24,Distracted
1764963112.7922423,179.34,-3.37,0.243,24,Distracted
1764963112.8502228,179.75,-3.51,0.239,24,Distracted
1764963112.859496,179.75,-3.51,0.239,24,Distracted
1764963112.9883633,0.12,-3.75,0.234,24,Focused
1764963113.0028687,0.12,-3.75,0.234,24,Focused
1764963113.052198,-98.59,-3.45,0.233,24,Distracted
1764963113.0643165,-98.59,-3.45,0.233,23,Distracted
1764963113.1157045,-152.2,-3.56,0.222,23,Distracted
1764963113.126827,-152.2,-3.56,0.222,23,Distracted
1764963113.1965675,-1.09,-3.06,0.223,23,Focused
1764963113.2137268,-1.09,-3.06,0.223,23,Focused
1764963113.2822478,83.53,-1.32,0.222,23,Distracted
1764963113.30618,83.53,-1.32,0.222,23,Distracted
1764963113.429725,129.54,-1.66,0.225,23,Distracted
1764963113.4421344,129.54,-1.66,0.225,23,Distracted
1764963113.5380037,155.55,-0.78,0.22,23,Distracted
1764963113.548686,155.55,-0.78,0.22,22,Distracted
1764963113.598049,169.59,-0.14,0.226,22,Distracted
1764963113.6100638,169.59,-0.14,0.226,22,Distracted
1764963113.665328,177.19,0.36,0.225,22,Distracted
1764963113.691175,177.19,0.36,0.225,22,Distracted
1764963113.856694,180.79,0.66,0.229,24,Distracted
1764963113.8742378,180.79,0.66,0.229,24,Distracted
1764963113.9726465,181.73,0.86,0.214,24,Distracted
1764963113.9837072,181.73,0.86,0.214,24,Distracted
1764963114.0833287,182.21,0.19,0.199,24,Distracted
1764963114.0966084,182.21,0.19,0.199,24,Distracted
1764963114.153953,182.02,-0.38,0.191,24,Distracted
1764963114.1721046,182.02,-0.38,0.191,24,Distracted
1764963114.2388175,181.74,-0.76,0.186,24,Distracted
1764963114.2522154,181.74,-0.76,0.186,24,Distracted
1764963114.2979002,181.77,-0.64,0.198,26,Distracted
1764963114.3090787,181.77,-0.64,0.198,26,Distracted
1764963114.3605943,181.63,-0.32,0.204,26,Distracted
1764963114.37159,181.63,-0.32,0.204,26,Distracted
1764963114.420306,181.33,0.09,0.206,26,Distracted
1764963114.4313087,181.33,0.09,0.206,28,Distracted
1764963114.476769,180.91,0.44,0.208,28,Distracted
1764963114.4876065,180.91,0.44,0.208,28,Distracted
1764963114.539869,180.43,0.7,0.209,28,Distracted
1764963114.55984,180.43,0.7,0.209,28,Distracted
1764963114.6126888,180.0,1.04,0.209,30,Distracted
1764963114.6321163,180.0,1.04,0.209,30,Distracted
1764963114.69496,179.53,1.02,0.21,30,Distracted
1764963114.710403,179.53,1.02,0.21,30,Distracted
1764963114.7587888,179.14,0.97,0.207,30,Distracted
1764963114.7721546,179.14,0.97,0.207,31,Distracted
1764963114.824225,179.15,1.11,0.206,31,Distracted
1764963114.8451178,179.15,1.11,0.206,31,Distracted
1764963114.9135137,178.52,1.03,0.203,31,Distracted
1764963114.9326057,178.52,1.03,0.203,31,Distracted
1764963114.9792242,178.33,1.57,0.196,32,Distracted
1764963114.9904191,178.33,1.57,0.196,32,Distracted
1764963115.036175,178.27,0.96,0.199,32,Distracted
1764963115.0518098,178.27,0.96,0.199,32,Distracted
1764963115.1162596,178.16,0.73,0.204,32,Distracted
1764963115.132284,178.16,0.73,0.204,33,Distracted
1764963115.2025015,178.16,0.52,0.202,33,Distracted
1764963115.229739,178.16,0.52,0.202,33,Distracted
1764963115.2934783,178.2,0.46,0.204,33,Distracted
1764963115.3042512,178.2,0.46,0.204,33,Distracted
1764963115.3822267,178.14,0.16,0.207,34,Distracted
1764963115.3914607,178.14,0.16,0.207,34,Distracted
1764963115.4377844,178.22,-0.1,0.216,34,Distracted
1764963115.4487488,178.22,-0.1,0.216,34,Distracted
1764963115.506644,178.24,-0.65,0.217,34,Distracted
1764963115.521514,178.24,-0.65,0.217,36,Distracted
1764963115.58239,178.41,-0.82,0.211,36,Distracted
1764963115.603992,178.41,-0.82,0.211,36,Distracted
1764963115.6799574,178.77,-0.86,0.209,36,Distracted
1764963115.6989212,178.77,-0.86,0.209,36,Distracted
1764963115.7667594,178.79,-0.97,0.208,38,Distracted
1764963115.7797184,178.79,-0.97,0.208,38,Distracted
1764963115.8335118,178.65,-1.12,0.208,38,Distracted
1764963115.8447816,178.65,-1.12,0.208,38,Distracted
1764963115.934926,178.6,-1.43,0.21,38,Distracted
1764963115.9581335,178.6,-1.43,0.21,39,Distracted
1764963116.0502896,178.48,-2.1,0.217,39,Distracted
1764963116.0683699,178.48,-2.1,0.217,39,Distracted
1764963116.1129172,178.08,-3.0,0.225,39,Distracted
1764963116.1241195,178.08,-3.0,0.225,39,Distracted
1764963116.194285,177.63,-3.68,0.23,41,Distracted
1764963116.2122626,177.63,-3.68,0.23,41,Distracted
1764963116.2726507,177.05,-4.21,0.238,41,Distracted
1764963116.2843335,177.05,-4.21,0.238,41,Distracted
1764963116.3297944,176.8,-4.64,0.242,41,Distracted
1764963116.341457,176.8,-4.64,0.242,41,Distracted
1764963116.3845768,176.93,-4.34,0.248,41,Distracted
1764963116.394659,176.93,-4.34,0.248,41,Distracted
1764963116.4734075,176.96,-4.21,0.252,41,Distracted
1764963116.4893272,176.96,-4.21,0.252,41,Distracted
1764963116.5390964,177.08,-2.91,0.218,43,Distracted
1764963116.551895,177.08,-2.91,0.218,43,Distracted
1764963116.6046977,177.12,1.23,0.178,43,Distracted
1764963116.6124837,177.12,1.23,0.178,43,Distracted
1764963116.6641796,176.1,5.11,0.2,43,Distracted
1764963116.6742787,176.1,5.11,0.2,43,Distracted
1764963116.7264595,175.97,8.67,0.186,43,Distracted
1764963116.7393332,175.97,8.67,0.186,43,Distracted
1764963116.787742,173.46,15.89,0.185,43,Distracted
1764963116.7988374,173.46,15.89,0.185,43,Distracted
1764963116.8487568,170.58,23.06,0.179,44,Distracted
1764963116.857767,170.58,23.06,0.179,44,Distracted
1764963116.908876,167.02,28.69,0.171,44,Distracted
1764963116.9213245,167.02,28.69,0.171,44,Distracted
1764963116.9663174,164.08,36.67,0.23,44,Distracted
1764963116.9777987,164.08,36.67,0.23,45,Distracted
1764963117.0527127,152.33,57.95,0.307,45,Distracted
1764963117.1603215,152.33,57.95,0.307,45,Distracted
1764963117.2689888,154.31,62.38,0.354,45,Distracted
1764963117.2931838,154.31,62.38,0.354,45,Distracted
1764963117.3942206,155.08,63.48,0.311,43,Distracted
1764963117.4175615,155.08,63.48,0.311,43,Distracted
1764963117.4851787,153.48,57.71,0.306,43,Distracted
1764963117.4948995,153.48,57.71,0.306,43,Distracted
1764963117.5676286,152.83,54.95,0.304,43,Distracted
1764963117.5790641,152.83,54.95,0.304,44,Distracted
1764963117.6325824,152.82,53.72,0.309,44,Distracted
1764963117.6420882,152.82,53.72,0.309,44,Distracted
1764963117.6921792,153.2,52.11,0.31,44,Distracted
1764963117.7028518,153.2,52.11,0.31,44,Distracted
1764963117.7756739,153.06,51.31,0.295,44,Distracted
1764963117.7870195,153.06,51.31,0.295,44,Distracted
1764963117.8346388,152.36,50.94,0.266,44,Distracted
1764963117.8448396,152.36,50.94,0.266,44,Distracted
1764963117.919609,152.4,50.92,0.293,44,Distracted
1764963117.962732,152.4,50.92,0.293,45,Distracted
1764963118.0680175,154.65,48.14,0.282,45,Distracted
1764963118.0910747,154.65,48.14,0.282,45,Distracted
1764963118.191691,155.32,43.25,0.244,45,Distracted
1764963118.2179153,155.32,43.25,0.244,45,Distracted
1764963118.3760347,157.39,34.26,0.23,43,Distracted
1764963118.4579964,157.39,34.26,0.23,43,Distracted
1764963118.6847873,166.99,9.03,0.255,43,Distracted
1764963118.716456,166.99,9.03,0.255,43,Distracted
1764963118.8137903,165.37,-19.17,0.245,43,Distracted
1764963118.858167,165.37,-19.17,0.245,41,Distracted
1764963118.9996898,162.37,-29.78,0.248,41,Distracted
1764963119.0183926,162.37,-29.78,0.248,41,Distracted
1764963119.17442,153.89,18.36,0.217,41,Distracted
1764963119.226065,153.89,18.36,0.217,41,Distracted
1764963119.3344727,155.95,-11.86,0.224,39,Distracted
1764963119.3541882,155.95,-11.86,0.224,39,Distracted
1764963119.46923,159.65,-39.64,0.286,39,Distracted
1764963119.4837685,159.65,-39.64,0.286,39,Distracted
1764963119.595474,150.7,13.22,0.323,39,Distracted
1764963119.609295,150.7,13.22,0.323,38,Distracted
1764963119.7569282,-2.16,22.08,0.344,38,Distracted
1764963119.770865,-2.16,22.08,0.344,38,Distracted
1764963119.8383775,61.06,47.46,0.379,38,Distracted
1764963119.8585682,61.06,47.46,0.379,38,Distracted
1764963119.947456,111.8,-8.97,0.37,37,Distracted
1764963119.9635382,111.8,-8.97,0.37,37,Distracted
1764963120.0746527,124.99,29.99,0.421,37,Distracted
1764963120.0960815,124.99,29.99,0.421,37,Distracted
1764963120.234544,132.18,51.74,0.468,37,Distracted
1764963120.2568572,132.18,51.74,0.468,35,Distracted
1764963120.3383763,-10.56,50.69,0.757,35,Distracted
1764963120.3501775,-10.56,50.69,0.757,35,Distracted
1764963120.4211516,-10.56,50.69,0.757,35,Distracted
1764963120.4316704,-10.56,50.69,0.757,35,Distracted
1764963120.5013628,-10.56,50.69,0.757,35,Distracted
1764963120.5210311,-10.56,50.69,0.757,35,Distracted
1764963120.6396992,0.0,0.0,0.0,35,UNKNOWN
1764963120.6417003,0.0,0.0,0.0,35,UNKNOWN
1764963120.7913532,58.24,62.9,0.698,35,Distracted
1764963120.8051534,58.24,62.9,0.698,33,Distracted
1764963120.8790948,111.23,9.89,0.408,33,Distracted
1764963120.9215126,111.23,9.89,0.408,33,Distracted
1764963121.0755098,139.56,-8.59,0.227,33,Distracted
1764963121.1541753,139.56,-8.59,0.227,33,Distracted
1764963121.5407274,159.21,-9.11,0.194,31,Distracted
1764963121.5529852,159.21,-9.11,0.194,31,Distracted
1764963121.7815423,-0.36,-4.99,0.175,31,Drowsy / Eyes Closed
1764963121.8184762,-0.36,-4.99,0.175,31,Drowsy / Eyes Closed
1764963122.0512762,-93.97,-2.8,0.196,31,Distracted
1764963122.080298,-93.97,-2.8,0.196,30,Distracted
1764963122.2588494,-142.47,-4.4,0.209,30,Distracted
1764963122.357095,-142.47,-4.4,0.209,30,Distracted
1764963122.5664334,-168.14,-7.51,0.231,30,Distracted
1764963122.623968,-168.14,-7.51,0.231,30,Distracted
1764963122.788938,-177.52,-8.74,0.232,27,Distracted
1764963122.9110866,-177.52,-8.74,0.232,27,Distracted
1764963123.146346,-179.11,-7.68,0.248,27,Distracted
1764963123.306499,-179.11,-7.68,0.248,27,Distracted
1764963123.5547378,-178.62,-4.73,0.242,27,Distracted
1764963123.7101219,-178.62,-4.73,0.242,26,Distracted
1764963124.025268,-180.0,0.34,0.253,26,Distracted
1764963124.1703944,-180.0,0.34,0.253,26,Distracted
1764963124.3888392,-180.4,0.4,0.269,26,Distracted
1764963124.5729153,-180.4,0.4,0.269,26,Distracted
1764963124.9239056,-185.85,12.07,0.277,23,Distracted
1764963125.104054,-185.85,12.07,0.277,23,Distracted
1764963125.373083,-174.15,8.62,0.226,23,Distracted
1764963125.582336,-174.15,8.62,0.226,23,Distracted
1764963125.834897,-174.15,8.62,0.226,23,Distracted
1764963126.044885,-174.15,8.62,0.226,21,Distracted
1764963126.5122433,-175.35,0.11,0.236,21,Distracted
1764963126.6526244,-175.35,0.11,0.236,21,Distracted
1764963127.1871076,-48.59,15.62,0.225,21,Distracted
1764963127.446261,-48.59,15.62,0.225,21,Distracted
1764963127.8009164,-48.59,15.62,0.225,18,Distracted
1764963128.111845,-48.59,15.62,0.225,18,Distracted
1764963128.4748747,54.61,0.46,0.19,18,Distracted
1764963128.7723114,54.61,0.46,0.19,18,Distracted
1764963129.095129,123.9,-1.09,0.19,18,Distracted
1764963129.164991,123.9,-1.09,0.19,16,Distracted
1764963129.404243,159.26,-3.16,0.197,16,Distracted
1764963129.4380727,159.26,-3.16,0.197,16,Distracted
1764963129.7740269,178.08,-7.86,0.204,16,Distracted
1764963129.8373191,178.08,-7.86,0.204,16,Distracted
1764963130.0297818,188.74,-9.13,0.201,15,Distracted
1764963130.107149,188.74,-9.13,0.201,15,Distracted
1764963130.455392,192.65,-10.76,0.144,15,Distracted
1764963130.4941041,192.65,-10.76,0.144,15,Distracted
1764963130.7099984,16.47,-13.59,0.208,15,Drowsy / Eyes Closed
1764963130.897721,16.47,-13.59,0.208,14,Drowsy / Eyes Closed
1764963131.1029599,93.96,-10.88,0.181,14,Distracted
1764963131.1700099,93.96,-10.88,0.181,14,Distracted
1764963131.4459321,-36.56,-1.66,0.202,14,Distracted
1764963131.4643912,-36.56,-1.66,0.202,14,Distracted
1764963131.599503,-107.26,-2.13,0.19,12,Distracted
1764963131.8264792,-107.26,-2.13,0.19,12,Distracted
1764963132.0772815,-143.08,-0.5,0.239,12,Distracted
1764963132.0908184,-143.08,-0.5,0.239,12,Distracted
1764963132.3089304,-163.09,-1.57,0.269,12,Distracted
1764963132.371733,-163.09,-1.57,0.269,11,Distracted
1764963132.5647492,-178.44,-9.39,0.291,11,Distracted
1764963132.630677,-178.44,-9.39,0.291,11,Distracted
1764963132.822328,-183.42,-11.13,0.257,11,Distracted
1764963132.8906147,-183.42,-11.13,0.257,11,Distracted
1764963133.0520236,-188.65,-7.73,0.223,11,Distracted
1764963133.0642018,-188.65,-7.73,0.223,11,Distracted
1764963133.1880126,-11.46,-7.88,0.183,11,Drowsy / Eyes Closed
1764963133.258543,-11.46,-7.88,0.183,11,Drowsy / Eyes Closed
1764963133.386049,85.43,-5.14,0.17,11,Distracted
1764963133.3979316,85.43,-5.14,0.17,11,Distracted
1764963133.5144494,139.15,-3.4,0.176,11,Distracted
1764963133.5245576,139.15,-3.4,0.176,11,Distracted
1764963133.6390076,139.15,-3.4,0.176,11,Distracted
1764963133.6581056,139.15,-3.4,0.176,11,Distracted
1764963133.7783506,-5.81,-6.18,0.176,11,Drowsy / Eyes Closed
1764963133.7889576,-5.81,-6.18,0.176,11,Drowsy / Eyes Closed
1764963134.1116817,-82.61,-12.66,0.243,11,Distracted
1764963134.2326396,-82.61,-12.66,0.243,11,Distracted
1764963134.3415022,-82.61,-12.66,0.243,11,Distracted
1764963134.37702,-82.61,-12.66,0.243,11,Distracted
1764963134.5761793,-130.16,-9.13,0.212,11,Distracted
1764963134.6598115,-130.16,-9.13,0.212,11,Distracted
1764963134.8004265,-158.83,-5.79,0.239,11,Distracted
1764963134.8194509,-158.83,-5.79,0.239,11,Distracted
1764963134.8959694,-171.09,-3.37,0.239,10,Distracted
1764963134.9211338,-171.09,-3.37,0.239,10,Distracted
1764963135.0474277,-177.65,-1.3,0.235,10,Distracted
1764963135.0579863,-177.65,-1.3,0.235,10,Distracted
1764963135.1518598,-180.37,-1.25,0.232,10,Distracted
1764963135.17679,-180.37,-1.25,0.232,10,Distracted
1764963135.2520387,-181.49,-0.44,0.233,10,Distracted
1764963135.2674148,-181.49,-0.44,0.233,10,Distracted
1764963135.3297093,-181.79,-0.26,0.23,10,Distracted
1764963135.350798,-181.79,-0.26,0.23,10,Distracted
1764963135.5155516,-182.5,-0.86,0.219,10,Distracted
1764963135.5326385,-182.5,-0.86,0.219,10,Distracted
1764963135.6025805,-182.52,-0.72,0.227,10,Distracted
1764963135.6140409,-182.52,-0.72,0.227,10,Distracted
1764963135.7301834,-183.29,-1.98,0.232,10,Distracted
1764963135.7650125,-183.29,-1.98,0.232,10,Distracted
1764963135.8932464,-180.09,-2.28,0.217,10,Distracted
1764963135.9074907,-180.09,-2.28,0.217,10,Distracted
1764963135.952189,-177.56,-3.09,0.207,10,Distracted
1764963135.9623845,-177.56,-3.09,0.207,10,Distracted
1764963136.0495162,-176.96,-4.72,0.211,11,Distracted
1764963136.1321871,-176.96,-4.72,0.211,11,Distracted
1764963136.3117895,-176.85,-5.98,0.232,11,Distracted
1764963136.3311603,-176.85,-5.98,0.232,11,Distracted
1764963136.4468865,-178.1,-5.64,0.225,11,Distracted
1764963136.4576583,-178.1,-5.64,0.225,11,Distracted
1764963136.5433576,-180.51,-5.6,0.229,11,Distracted
1764963136.5569239,-180.51,-5.6,0.229,11,Distracted
1764963136.6438992,-2.02,-5.8,0.225,11,Focused
1764963136.6523876,-2.02,-5.8,0.225,11,Focused
1764963136.7375135,95.89,-5.33,0.22,14,Distracted
1764963136.7484825,95.89,-5.33,0.22,14,Distracted
1764963136.8210645,147.99,-5.22,0.217,14,Distracted
1764963136.8323472,147.99,-5.22,0.217,14,Distracted
1764963136.9026904,176.54,-4.53,0.21,14,Distracted
1764963136.9146755,176.54,-4.53,0.21,16,Distracted
1764963136.9850054,12.01,-3.26,0.187,16,Drowsy / Eyes Closed
1764963136.9967897,12.01,-3.26,0.187,16,Drowsy / Eyes Closed
1764963137.0697496,98.99,-2.72,0.176,16,Distracted
1764963137.0863144,98.99,-2.72,0.176,16,Distracted
1764963137.1796184,145.02,-2.52,0.178,18,Distracted
1764963137.1924505,145.02,-2.52,0.178,18,Distracted
1764963137.2688076,169.78,-2.1,0.175,18,Distracted
1764963137.278904,169.78,-2.1,0.175,18,Distracted
1764963137.357195,182.18,-2.07,0.175,18,Distracted
1764963137.3699915,182.18,-2.07,0.175,20,Distracted
1764963137.4455893,186.16,-2.17,0.205,20,Distracted
1764963137.457575,186.16,-2.17,0.205,20,Distracted
1764963137.5305018,186.44,-2.15,0.216,20,Distracted
1764963137.5421946,186.44,-2.15,0.216,20,Distracted
1764963137.6196375,186.08,-2.57,0.218,23,Distracted
1764963137.6302986,186.08,-2.57,0.218,23,Distracted
1764963137.7047312,184.94,-2.95,0.217,23,Distracted
1764963137.7156227,184.94,-2.95,0.217,23,Distracted
1764963137.7936578,183.73,-3.36,0.216,23,Distracted
1764963137.8070867,183.73,-3.36,0.216,25,Distracted
1764963137.8980339,182.49,-3.43,0.223,25,Distracted
1764963137.9186828,182.49,-3.43,0.223,25,Distracted
1764963138.0104883,181.3,-3.55,0.225,25,Distracted
1764963138.0230248,181.3,-3.55,0.225,25,Distracted
1764963138.1023,180.05,-3.64,0.224,27,Distracted
1764963138.1119652,180.05,-3.64,0.224,27,Distracted
1764963138.1910372,178.85,-3.53,0.223,27,Distracted
1764963138.215831,178.85,-3.53,0.223,27,Distracted
1764963138.347773,177.98,-3.36,0.226,27,Distracted
1764963138.359696,177.98,-3.36,0.226,29,Distracted
1764963138.4383476,177.48,-3.45,0.24,29,Distracted
1764963138.4548664,177.48,-3.45,0.24,29,Distracted
1764963138.520131,177.95,-3.43,0.246,29,Distracted
1764963138.5389335,177.95,-3.43,0.246,29,Distracted
1764963138.6220582,177.95,-4.01,0.251,31,Distracted
1764963138.634912,177.95,-4.01,0.251,31,Distracted
1764963138.6985178,177.31,-4.89,0.256,31,Distracted
1764963138.7096956,177.31,-4.89,0.256,31,Distracted
1764963138.7590322,176.07,-5.36,0.25,31,Distracted
1764963138.7732573,176.07,-5.36,0.25,33,Distracted
1764963138.8429155,175.42,-6.14,0.236,33,Distracted
1764963138.8533075,175.42,-6.14,0.236,33,Distracted
1764963138.897803,173.54,-6.66,0.205,33,Distracted
1764963138.907359,173.54,-6.66,0.205,33,Distracted
1764963138.9597762,171.09,-6.17,0.165,36,Distracted
1764963138.9687963,171.09,-6.17,0.165,36,Distracted
1764963139.0142822,170.4,-5.97,0.136,36,Distracted
1764963139.0256917,170.4,-5.97,0.136,36,Distracted
1764963139.0803854,167.8,-6.32,0.138,36,Distracted
1764963139.0917933,167.8,-6.32,0.138,38,Distracted
1764963139.1389492,165.16,-4.64,0.116,38,Distracted
1764963139.1507776,165.16,-4.64,0.116,38,Distracted
1764963139.2230709,162.12,-4.13,0.124,38,Distracted
1764963139.2376974,162.12,-4.13,0.124,38,Distracted
1764963139.3150134,161.64,-4.16,0.079,40,Distracted
1764963139.3253915,161.64,-4.16,0.079,40,Distracted
1764963139.4004736,161.32,-3.33,0.065,40,Distracted
1764963139.4109724,161.32,-3.33,0.065,40,Distracted
1764963139.5618544,160.3,-3.6,0.098,40,Distracted
1764963139.5753953,160.3,-3.6,0.098,41,Distracted
1764963139.653948,162.02,-1.66,0.106,41,Distracted
1764963139.6763601,162.02,-1.66,0.106,41,Distracted
1764963139.820418,167.09,1.48,0.139,41,Distracted
1764963139.8418949,167.09,1.48,0.139,41,Distracted
1764963139.9163346,170.64,2.63,0.176,41,Distracted
1764963139.930245,170.64,2.63,0.176,41,Distracted
1764963139.9789455,172.35,3.52,0.202,41,Distracted
1764963139.9927807,172.35,3.52,0.202,41,Distracted
1764963140.0871904,173.91,4.81,0.18,41,Distracted
1764963140.1138127,173.91,4.81,0.18,42,Distracted
1764963140.2037158,173.57,6.07,0.188,42,Distracted
1764963140.231339,173.57,6.07,0.188,42,Distracted
1764963140.298557,174.17,5.73,0.175,42,Distracted
1764963140.3117032,174.17,5.73,0.175,42,Distracted
1764963140.3810227,173.97,5.07,0.167,42,Distracted
1764963140.390827,173.97,5.07,0.167,42,Distracted
1764963140.4492555,174.37,5.37,0.153,42,Distracted
1764963140.461913,174.37,5.37,0.153,42,Distracted
1764963140.5537484,174.39,5.56,0.138,42,Distracted
1764963140.5706332,174.39,5.56,0.138,42,Distracted
1764963140.6890264,174.2,5.41,0.125,42,Distracted
1764963140.699146,174.2,5.41,0.125,42,Distracted
1764963140.8553362,173.32,5.07,0.131,42,Distracted
1764963140.8765872,173.32,5.07,0.131,42,Distracted
1764963140.9499917,173.4,4.97,0.142,41,Distracted
1764963140.9704576,173.4,4.97,0.142,41,Distracted
1764963141.060587,173.99,4.42,0.161,41,Distracted
1764963141.0708013,173.99,4.42,0.161,41,Distracted
1764963141.1198235,175.13,3.4,0.173,41,Distracted
1764963141.1308165,175.13,3.4,0.173,43,Distracted
1764963141.1790354,174.1,1.78,0.174,43,Distracted
1764963141.2103004,174.1,1.78,0.174,43,Distracted
1764963141.3169038,172.57,-0.37,0.16,43,Distracted
1764963141.3359807,172.57,-0.37,0.16,43,Distracted
1764963141.4545143,173.1,-1.12,0.19,41,Distracted
1764963141.4655244,173.1,-1.12,0.19,41,Distracted
1764963141.5713956,172.96,-3.91,0.199,41,Distracted
1764963141.6081266,172.96,-3.91,0.199,41,Distracted
1764963141.7257328,171.76,-4.95,0.193,41,Distracted
1764963141.7367597,171.76,-4.95,0.193,40,Distracted
1764963141.844401,171.95,-8.23,0.214,40,Distracted
1764963141.8627,171.95,-8.23,0.214,40,Distracted
1764963141.9849489,171.14,-9.51,0.238,40,Distracted
1764963141.9961243,171.14,-9.51,0.238,40,Distracted
1764963142.1550543,170.53,-10.13,0.245,38,Distracted
1764963142.1684148,170.53,-10.13,0.245,38,Distracted
1764963142.2776804,169.21,-10.51,0.229,38,Distracted
1764963142.2949393,169.21,-10.51,0.229,38,Distracted
1764963142.4468606,167.81,-9.16,0.212,38,Distracted
1764963142.5056398,167.81,-9.16,0.212,36,Distracted
1764963142.6399872,167.94,-8.7,0.205,36,Distracted
1764963142.6509678,167.94,-8.7,0.205,36,Distracted
1764963142.8056924,169.05,-7.36,0.213,36,Distracted
1764963142.816273,169.05,-7.36,0.213,36,Distracted
1764963142.9221601,168.81,-5.87,0.221,35,Distracted
1764963142.9338777,168.81,-5.87,0.221,35,Distracted
1764963143.0061545,168.62,-5.07,0.224,35,Distracted
1764963143.0168047,168.62,-5.07,0.224,35,Distracted
1764963143.065952,169.93,-4.15,0.219,35,Distracted
1764963143.0775366,169.93,-4.15,0.219,34,Distracted
1764963143.1571853,169.68,-3.3,0.218,34,Distracted
1764963143.1673322,169.68,-3.3,0.218,34,Distracted
1764963143.280235,169.99,-3.55,0.219,34,Distracted
1764963143.2951114,169.99,-3.55,0.219,34,Distracted
1764963143.4294271,167.86,-3.73,0.231,33,Distracted
1764963143.4476964,167.86,-3.73,0.231,33,Distracted
1764963143.5098326,166.69,-4.25,0.234,33,Distracted
1764963143.5235927,166.69,-4.25,0.234,33,Distracted
1764963143.5754313,166.79,-4.73,0.229,33,Distracted
1764963143.5877302,166.79,-4.73,0.229,33,Distracted
1764963143.656368,167.47,-5.06,0.224,33,Distracted
1764963143.6786656,167.47,-5.06,0.224,33,Distracted
1764963143.735016,166.71,-4.82,0.207,33,Distracted
1764963143.7455626,166.71,-4.82,0.207,33,Distracted
1764963143.7929046,166.72,-3.77,0.186,33,Distracted
1764963143.8029294,166.72,-3.77,0.186,33,Distracted
1764963143.8527207,167.16,-3.26,0.179,33,Distracted
1764963143.8667512,167.16,-3.26,0.179,33,Distracted
1764963143.950614,167.56,-2.86,0.182,33,Distracted
1764963143.9676082,167.56,-2.86,0.182,33,Distracted
1764963144.0405078,167.8,-2.61,0.187,33,Distracted
1764963144.0608919,167.8,-2.61,0.187,33,Distracted
1764963144.135081,168.91,-2.37,0.183,33,Distracted
1764963144.1470141,168.91,-2.37,0.183,33,Distracted
1764963144.1980684,169.69,-2.26,0.176,32,Distracted
1764963144.208443,169.69,-2.26,0.176,32,Distracted
1764963144.254594,169.91,-2.62,0.178,32,Distracted
1764963144.268499,169.91,-2.62,0.178,32,Distracted
1764963144.3252344,170.37,-2.72,0.183,32,Distracted
1764963144.3344254,170.37,-2.72,0.183,31,Distracted
1764963144.3851793,170.06,-3.38,0.169,31,Distracted
1764963144.397895,170.06,-3.38,0.169,31,Distracted
1764963144.444554,170.2,-3.76,0.166,31,Distracted
1764963144.4555283,170.2,-3.76,0.166,31,Distracted
1764963144.5011563,170.08,-3.9,0.166,32,Distracted
1764963144.5112343,170.08,-3.9,0.166,32,Distracted
1764963144.557731,169.81,-4.17,0.208,32,Distracted
1764963144.5677302,169.81,-4.17,0.208,32,Distracted
1764963144.6142013,170.59,-4.6,0.225,32,Distracted
1764963144.6243434,170.59,-4.6,0.225,33,Distracted
1764963144.6723254,171.0,-5.37,0.233,33,Distracted
1764963144.6823266,171.0,-5.37,0.233,33,Distracted
1764963144.7312915,170.75,-6.37,0.249,33,Distracted
1764963144.7423906,170.75,-6.37,0.249,33,Distracted
1764963144.7907488,170.58,-7.81,0.237,35,Distracted
1764963144.799804,170.58,-7.81,0.237,35,Distracted
1764963144.8491821,170.99,-8.31,0.239,35,Distracted
1764963144.8603363,170.99,-8.31,0.239,35,Distracted
1764963144.9253376,171.69,-9.03,0.242,35,Distracted
1764963144.938426,171.69,-9.03,0.242,36,Distracted
1764963144.9902549,171.7,-9.02,0.246,36,Distracted
1764963145.0008328,171.7,-9.02,0.246,36,Distracted
1764963145.049567,171.68,-8.96,0.241,36,Distracted
1764963145.0607896,171.68,-8.96,0.241,36,Distracted
1764963145.1077147,171.86,-8.93,0.245,38,Distracted
1764963145.118415,171.86,-8.93,0.245,38,Distracted
1764963145.1945674,171.85,-9.18,0.243,38,Distracted
1764963145.2213254,171.85,-9.18,0.243,38,Distracted
1764963145.2931223,170.97,-8.85,0.236,38,Distracted
1764963145.3065112,170.97,-8.85,0.236,38,Distracted
1764963145.355188,170.61,-7.74,0.232,38,Distracted
1764963145.365064,170.61,-7.74,0.232,38,Distracted
1764963145.4104257,170.35,-6.83,0.227,38,Distracted
1764963145.4229865,170.35,-6.83,0.227,38,Distracted
1764963145.4696481,170.4,-6.46,0.23,40,Distracted
1764963145.482463,170.4,-6.46,0.23,40,Distracted
1764963145.5334961,170.82,-5.9,0.232,40,Distracted
1764963145.5435107,170.82,-5.9,0.232,40,Distracted
1764963145.5915265,171.09,-5.62,0.232,40,Distracted
1764963145.6033847,171.09,-5.62,0.232,41,Distracted
1764963145.6484895,171.31,-5.44,0.233,41,Distracted
1764963145.6564953,171.31,-5.44,0.233,41,Distracted
1764963145.7063444,170.55,-4.7,0.219,41,Distracted
1764963145.7175508,170.55,-4.7,0.219,41,Distracted
1764963145.7697878,170.44,-3.91,0.211,42,Distracted
1764963145.7811182,170.44,-3.91,0.211,42,Distracted
1764963145.8323073,170.87,-2.87,0.215,42,Distracted
1764963145.8513732,170.87,-2.87,0.215,42,Distracted
1764963145.9219143,170.41,-2.88,0.207,42,Distracted
1764963145.94385,170.41,-2.88,0.207,44,Distracted
1764963146.0254936,170.61,-3.08,0.202,44,Distracted
1764963146.0387812,170.61,-3.08,0.202,44,Distracted
1764963146.1036904,171.78,-3.11,0.2,44,Distracted
1764963146.1210263,171.78,-3.11,0.2,44,Distracted
1764963146.1825008,172.22,-3.34,0.194,45,Distracted
1764963146.1977289,172.22,-3.34,0.194,45,Distracted
1764963146.2464569,172.81,-3.37,0.185,45,Distracted
1764963146.2612407,172.81,-3.37,0.185,45,Distracted
1764963146.3141847,172.68,-3.38,0.187,45,Distracted
1764963146.3260248,172.68,-3.38,0.187,46,Distracted
1764963146.385825,172.84,-3.26,0.186,46,Distracted
1764963146.3986201,172.84,-3.26,0.186,46,Distracted
1764963146.4465678,172.63,-3.35,0.186,46,Distracted
1764963146.4693625,172.63,-3.35,0.186,46,Distracted
1764963146.5308025,173.38,-3.19,0.189,48,Distracted
1764963146.5436158,173.38,-3.19,0.189,48,Distracted
1764963146.5990822,173.39,-2.5,0.189,48,Distracted
1764963146.612705,173.39,-2.5,0.189,48,Distracted
1764963146.6631527,173.66,-2.03,0.191,48,Distracted
1764963146.674532,173.66,-2.03,0.191,48,Distracted
1764963146.731218,173.41,-1.16,0.197,48,Distracted
1764963146.74216,173.41,-1.16,0.197,48,Distracted
1764963146.7917016,172.98,-0.77,0.197,48,Distracted
1764963146.801457,172.98,-0.77,0.197,48,Distracted
1764963146.8527465,172.92,-0.8,0.189,50,Distracted
1764963146.8617458,172.92,-0.8,0.189,50,Distracted
1764963146.9133482,172.85,-0.35,0.188,50,Distracted
1764963146.9255543,172.85,-0.35,0.188,50,Distracted
1764963146.9820697,172.86,-0.32,0.193,50,Distracted
1764963147.0005147,172.86,-0.32,0.193,50,Distracted
1764963147.0533993,172.94,-0.39,0.192,50,Distracted
1764963147.0619712,172.94,-0.39,0.192,50,Distracted
1764963147.113822,172.94,-0.43,0.191,50,Distracted
1764963147.1245778,172.94,-0.43,0.191,50,Distracted
1764963147.1864936,172.99,-0.62,0.197,50,Distracted
1764963147.1984973,172.99,-0.62,0.197,50,Distracted
1764963147.2513168,172.94,-0.56,0.203,50,Distracted
1764963147.2660015,172.94,-0.56,0.203,50,Distracted
1764963147.3264942,173.09,-0.44,0.202,50,Distracted
1764963147.336337,173.09,-0.44,0.202,50,Distracted
1764963147.4679139,173.16,-0.13,0.209,50,Distracted
1764963147.4802125,173.16,-0.13,0.209,50,Distracted
1764963147.5363846,174.38,0.53,0.209,50,Distracted
